<!DOCTYPE mapper
    PUBLIC "-//mybatis.org//DTD Mapper 3.0//EN"
    "http://mybatis.org/dtd/mybatis-3-mapper.dtd">

<mapper namespace="com.withmong.dao.BoardDao">
	
	<!-- 공지사항 목록 -->
	<select id="noticeList" resultType="Notice">
		select
			no, title, regdate
		from
			notice_table
		order by
			regdate desc
	</select>
	
	<!-- 공지사항 등록 -->
	<insert id="addNotice" parameterType="Notice">
		insert into notice_table 
		(no, title, contents, regdate) 
		values 
		(notice_seq.nextval, #{title}, #{contents}, sysdate)
	</insert>
	
	<!-- 공지사항 상세페이지 -->
	<select id="noticeDetail" parameterType="int" resultType="Notice">
		select
			no, title, contents, regdate
		from
			notice_table
		where
			no = #{no}
	</select>
	
	<!-- 공지사항 삭제 -->
	<delete id="noticeDelete" parameterType="int">
		delete from 
			notice_table
		where 
			no = #{no}
	</delete>
	
	<!-- 공지사항 업데이트 -->
	<update id="updateNotice" parameterType="Notice">
		update 
			notice_table
		set
			title = #{title},
			contents = #{contents}
		where
			no = #{no}				
	</update>
	
	<!-- 요청게시판 목록조회 -->
	<select id="requestList" resultType="Request">
		select
			no, title, userid as "userId.id", regdate, delcheck
		from
			request_table
		order by
			regdate desc
	</select>
	
	<!-- 요청게시글 작성 -->
	<insert id="addRequest" parameterType="Request">
		insert into request_table
		(no, title, contents, userid, regdate, delcheck) 
		values 
		(request_seq.nextval, #{title}, #{contents}, #{userId.id}, sysdate, 'N')
	</insert>
	
	<!-- 요청게시글 상세페이지 -->
	<select id="requestDetail" parameterType="int" resultType="Request">
		select
			no, title, userid as "userId.id", contents, regdate
		from
			request_table
		where
			no = #{no}
	</select>
	<!-- 요청게시글 삭제처리 -->
	<update id="requestDelete" parameterType="int">
		update 
			request_table
		set
			delcheck = 'Y'
		where
			no = #{no}	
	</update>
	<!-- 요청게시글 수정 -->
		<update id="requestUpdate" parameterType="Request">
		update 
			request_table
		set
			title = #{title}, 
			contents = #{contents}
		where
			no = #{no}	
	</update>
	<!-- 요청게시글 댓글 작성 -->
	<insert id="addRequestReple" parameterType="RequestReple">
		insert into requestreple_table
		(no, contents, userid, regdate, boardno) 
		values 
		(requestreple_seq.nextval, #{contents}, #{userId.id}, sysdate, #{boardNo.no})		
	</insert>
	<!-- 요청게시글 댓글 목록 -->
	<select id="requestRelpleList" parameterType="int" resultType="RequestReple">
		select
			no, contents, userid as "userId.id", regdate
		from
			requestreple_table 
		where
			boardno = #{boardNo.no}
		order by
			regdate desc
	</select>
	
	<!-- QnA 게시판 목록 -->
	<select id="qnaList" resultType="QNA">
		select
			no, title, userid as "userId.id", regdate, delcheck
		from
			qna_table
		order by
			regdate desc
	</select>
	
	<!-- QNA 게시글 작성 -->
	<insert id="addQna" parameterType="QNA">
		insert into qna_table 
		(no, title, contents, userid, regdate, delcheck) 
		values 
		(qna_seq.nextval, #{title}, #{contents}, #{userId.id}, sysdate, 'N')
	</insert>
	<!-- QNA 상세페이지 -->
	<select id="qnaDetail" parameterType="int" resultType="QNA">
		select
			no, title, userid as "userId.id", contents, regdate
		from
			qna_table
		where
			no = #{no}
	</select>
	<!-- QNA 삭제처리 -->
	<update id="qnaDelete" parameterType="int">
		update 
			qna_table
		set
			delcheck = 'Y'
		where
			no = #{no}	
	</update>
	
	<!-- 요청게시글 수정 -->
	<update id="qnaUpdate" parameterType="QNA">
		update
			qna_table
		set
			title = #{title}, 
			contents = #{contents}
		where
			no = #{no}	
	</update>
	
	<!-- qna 댓글 작성 -->
	<insert id="addQnaReple" parameterType="QNAReple">
		insert into qnareple_table
		(no, contents, userid, regdate, boardno) 
		values 
		(qnareple_seq.nextval, #{contents}, #{userId.id}, sysdate, #{boardNo.no})		
	</insert>
	
	<!-- qna 댓글 목록 -->
	<select id="qnaRepleList" parameterType="int" resultType="QNAReple">
		select
			no, contents, userid as "userId.id", regdate
		from
			qnareple_table
		where
			boardno = #{boardNo.no}
		order by
			regdate desc
	</select>
</mapper>