<!DOCTYPE mapper
    PUBLIC "-//mybatis.org//DTD Mapper 3.0//EN"
    "http://mybatis.org/dtd/mybatis-3-mapper.dtd">

<mapper namespace="com.withmong.dao.ManagerDao">

<!-- 회원목록 -->
	<select id="getAllUsers" resultType="User">
		select
			id, name, birth, email, phone, gender, schoolAbility, question, answer, point, grade, img, sumLike, delCheck
		from 
			user_table 
		order by 
			sumLike desc
	</select>
<!-- 회원아이디로 정보조회 -->
	<select id="getUserM" parameterType="string" resultType="User">
		select
			id, name, birth, email, 
			phone, gender, schoolability, 
			question, answer, point, 
			grade, img, sumlike
		from
			user_table
		where 
			id = #{id}	
	</select>

<!-- 회원삭제체크 N->Y -->
	<update id="userDelete" parameterType="string">
		update user_table 
		set delCheck = 'Y'
		where id = #{id}
	</update>
<!-- 회원복구처리 Y->N -->
	<update id="userRestore" parameterType="string">
		update user_table 
		set delCheck = 'N'
		where id = #{id}
	</update>
<!-- 모든 포인트내역 -->	
	<select id="getAllPoints" resultType="Point">
		select 
			a.charge as "charge",
			a.withdraw as "withdraw", 
			a.regdate as "regdate", 
			a.userid as "userid.id",
			b.point as "userid.point"
		from
			point_table a, user_table b
		where
			a.userid = b.id
		order by 
			a.regdate desc
	</select>
<!-- 모든 상품목록 -->
	<select id="getAllProduct" resultType="Product">
		select
			no, 
			title,
			userid, 
			img, 
			price, 
			regdate, 
			avglike, 
			hits
		from
			product_table
		order by
			regdate desc
	</select>
<!-- 거래내역 -->
	<select id="getAllOrder" resultType="Order">
		select
			a.no as "no",
			a.regdate as "regdate", 
			a.buycheck as "buycheck", 
			a.productno as "productNo.no",
			b.price as "productNo.price",
			c.id as "userid.id" 
		from
			order_table a, product_table b, user_table c
		where 
			a.userid = c.id
		and
			a.productno = b.no
		order by
			a.regdate desc
	</select>
<!-- 선택한 상품 삭제 -->
	<delete id="productDelete" parameterType="int">
		delete from product_table  
		where no = #{no}
	</delete>
	<!-- 관련 댓글 삭제 -->
	<delete id="productReviewDelete" parameterType="int">
		delete from product_review 
		where productno = #{no}
	</delete>
	
<!-- 유저 등급변경  -->
	<update id="userSClass" parameterType="string">
		update user_table 
		set grade = 'S'
		where id = #{id}
	</update>	
	<update id="userGClass" parameterType="string">
		update user_table 
		set grade = 'G'
		where id = #{id}
	</update>
	<update id="userBClass" parameterType="string">
		update user_table 
		set grade = 'B'
		where id = #{id}
	</update>
</mapper>