<!DOCTYPE mapper
    PUBLIC "-//mybatis.org//DTD Mapper 3.0//EN"
    "http://mybatis.org/dtd/mybatis-3-mapper.dtd">

<mapper namespace="com.withmong.dao.ProductDao">
	
	<select id="getSeqNumber" resultType="int">
		select test_seq.nextval
		from dual
	</select>
	
	
	<insert id="addProduct" parameterType="Product">
		insert into product_table
		( no,title,userid,img,video,contents,price,qty,regdate,avglike,hits,tag,categoryno,location )
		values
		(#{no}, #{title},#{userid},#{img}, #{video}, #{contents}, #{price}, #{qty},sysdate,0,0,#{tag},#{category.no},#{location.no})
	</insert>
	
		<select id="findCategory" resultType="Category">
		select no, name from category_table
		where bno != 0
	</select>
	
	<select id="productDetail" parameterType="int" resultType="Product">
		select A.no,
			A.title,
			A.userid,
			A.img,
			A.video,
			A.contents,
			A.price,
			A.qty,
			A.regdate,
			A.avglike,
			A.hits,
			A.tag,
			A.categoryno as "category.no",
			A.location as "location.no",
			B.no,
			B.name as "category.name",
			B.bno as "category.bno"
		from product_table A,category_table B
		where A.Categoryno = B.no and
				A.no = #{value}
	</select>
	
	<insert id="addProductReview" parameterType="ProductReview">
		insert into product_review
		(no,score,contents,regdate,userId,productNo)
		values
		(test_seq.nextval,#{score},#{contents},sysdate,#{userId},#{productNo})
	</insert>
	
	<select id="getAllProductReivew" parameterType="int" resultType="ProductReview">
		select no, score,contents,regdate,userid,productno
		from product_review
		where productno = #{value}
		order by regdate desc
		
	</select>
	
	<select id="findCategoryByNo" parameterType="int" resultType="Category">
		select no,bno,name
		from category_table
		where no = #{value}
	</select>
	
	<select id="getUserDetail" parameterType="String" resultType="User">
		select id,name,birth,gender,grade,point,img,schoolAbility
		from user_table
		where id = #{value}
	</select>
	<select id="findLocation" resultType="Location">
		select distinct city
		from location_table
		order by city
	</select>
	
	<select id="findLocalList" parameterType="String" resultType="Location">
		select no,city,local
		from location_table
		where city = #{value}
	</select>
	
	<select id="findLocationNo" parameterType="Location" resultType="Location">
		select no,city,local
		from location_table
		where city = #{city} and local = #{local}
	</select>
	
	<select id="getLocationByno" parameterType="int" resultType="Location">
		select no,city,local
		from location_table
		where no = #{value}
	</select>
	
	<select id="getCrumbs" parameterType="int" resultType="Crumbs">
		select a.name as "CateSName",b.name as "CateBName"
		from Category_table A , Category_table B
		where 	
			a.no = #{value} and 
			a.bno = b.no	
	</select>
	

	<select id="searchProduct" parameterType="Search" resultType="Product">
		select no,
			title,
			userid,
			img,
			video,
			contents,
			price,
			qty,
			regdate,
			avglike,
			hits,
			tag,
			categoryno as "category.no",
			location as "location.no"
		from product_table
		<where> 
			<if test="type == 'title'">
				title like '%' || #{search} || '%'
			</if>
			<if test="type == 'contents'">
				and contents like '%' || #{search} || '%'
			</if>
			<if test="type == 'tag'">
				and tag like '%' || #{search} || '%'
			</if>
			<if test="type == 'writer'">
				and userid like '%' || #{search} || '%'
			</if>
		</where>
	</select>

	<select id="getProductByNo" parameterType="int" resultType="Product">
		select  no,
				title,
				userid,
				img,
				video,
				contents,
				price,
				qty,
				regdate,
				avglike,
				hits,
				tag,
				categoryno as "category.no",
				location as "location.no"
		from product_table
		where
			no = #{value}
	</select>

	<insert id="addOrder" parameterType="Order">
		insert into Order_table
		(no,regdate,buycheck,userid,productno)
		values
		(test_seq.nextval,sysdate,'W',#{userid.id},#{productNo.no})
	</insert>

	<update id="updateHits" parameterType="int">
		update product_table
		set hits = hits+1
		where no = #{value}
	</update>
	
	<delete id="ProductReviewDel" parameterType="int">
		delete from product_review
		where no = #{value}
	</delete>
	
	<select id="getCountandRow" parameterType="int" resultType="CountForm">
		select sum(score) as "totalScore" ,count(score) as "rowCount"
		from product_review
		where productno = #{value}
	</select>
	
	<update id="updateAvglike" parameterType="CountForm">
		update product_table
		set avglike = #{avglike}
		where no = #{productNo}
	</update>
	
	<update id="updateProduct" parameterType="Product">
		update product_table
		set 
			title = #{title},
			img = #{img},
			video = #{video},
			contents =#{contents},
			price = #{price},
			qty = #{qty},
			regdate = sysdate,
			tag = #{tag},
			location = #{location.no}
		where 
			no = #{no}
	</update>
	
	<update id="pointupdateUser" parameterType="User">
		update user_table
		set point = point - #{point}
		where id = #{id}
	</update>
	
	<update id="pointupdateAdmin" parameterType="User">
		update user_table
		set point = point + #{point}
		where id = #{id}
	</update>
	
</mapper>

<!-- 
	테이블 컬럼명
 no,title,userid,img,video,contents,price,qty,regdate,avglike,hits,tag,categoryno,location 

	ProductForm
	
	title,img,video,contents,price,qty,tag,locationNo,Category,categoryNo

	private int no;
	private String title;
	private String userId;
	private String img;
	private String video;
	private String contents;
	private int price;
	private int qty;
	private Date regDate;
	private double avglike;
	private int hits;
	private String tag;



 -->