<?xml version="1.0" encoding="UTF-8"?>
<beans xmlns="http://www.springframework.org/schema/beans"
	xmlns:xsi="http://www.w3.org/2001/XMLSchema-instance"
	xmlns:context="http://www.springframework.org/schema/context"
	xmlns:p="http://www.springframework.org/schema/p"
	xmlns:aop="http://www.springframework.org/schema/aop"
	xmlns:tx="http://www.springframework.org/schema/tx"
	xsi:schemaLocation="http://www.springframework.org/schema/beans http://www.springframework.org/schema/beans/spring-beans.xsd
		http://www.springframework.org/schema/context http://www.springframework.org/schema/context/spring-context-4.3.xsd
		http://www.springframework.org/schema/aop http://www.springframework.org/schema/aop/spring-aop-4.3.xsd
		http://www.springframework.org/schema/tx http://www.springframework.org/schema/tx/spring-tx-4.3.xsd">

	<bean id="dataSource" class="org.springframework.jdbc.datasource.DriverManagerDataSource"
		p:driverClassName="oracle.jdbc.OracleDriver"
		p:url="jdbc:oracle:thin:@192.168.10.109:1521:xe"
		p:username="jhta"
		p:password="zxcv1234">
	</bean>
	
	<bean id="sqlSessionFactory" class="org.mybatis.spring.SqlSessionFactoryBean"
		p:dataSource-ref="dataSource"
		p:configLocation="classpath:/mybatis/mybatis-config.xml">
	</bean>
	
	<bean class="org.mybatis.spring.mapper.MapperScannerConfigurer"
		p:basePackage="com.withmong.dao"
		p:sqlSessionFactoryBeanName="sqlSessionFactory">
	</bean>
	<!-- 트랙잭션 설정 -->
	<bean id="txManager" class="org.springframework.jdbc.datasource.DataSourceTransactionManager">
		<property name="dataSource" ref="dataSource"/>
	</bean>
	
	<tx:annotation-driven transaction-manager="txManager"/>
	
	
	<context:component-scan base-package="com.withmong.service"></context:component-scan>
</beans>
