<?xml version="1.0" encoding="UTF-8"?>
<beans xmlns="http://www.springframework.org/schema/beans"
	xmlns:xsi="http://www.w3.org/2001/XMLSchema-instance"
	xmlns:mvc="http://www.springframework.org/schema/mvc"
	xmlns:context="http://www.springframework.org/schema/context"
	xsi:schemaLocation="http://www.springframework.org/schema/mvc http://www.springframework.org/schema/mvc/spring-mvc-4.3.xsd
		http://www.springframework.org/schema/beans http://www.springframework.org/schema/beans/spring-beans.xsd
		http://www.springframework.org/schema/context http://www.springframework.org/schema/context/spring-context-4.3.xsd">

	<context:component-scan base-package="com.withmong.web"></context:component-scan>

	<!-- viewResolver -->
	<bean id="viewResolver" class="org.springframework.web.servlet.view.InternalResourceViewResolver">
		<property name="prefix" value="/WEB-INF/views/"></property>
		<property name="suffix" value=".jsp"></property>
	</bean>
	
	<!-- 
		MultipartResolver
		  -	파일업로드 요청과 같은 멀티파트 요청을 처리한다.
		  	* <form method="post" enctype"multipart/form-data" >
		  - CommonMultipartResolver는
		  	Apache commons-fileupload 라이브러리를 사용해서 
		  	파일업로드(멀티파트 요청)처리를 지원한다.
	 -->
	<bean id="multipartResolver"
		  class="org.springframework.web.multipart.commons.CommonsMultipartResolver">
		<property name="maxUploadSize" value="10485760" /> <!-- 10M -->
	</bean>
	
	<!-- interceptor -->
	<mvc:interceptors>
		<mvc:interceptor>
			<mvc:mapping path="/*.do"/>
			<mvc:exclude-mapping path="/temp.do"/>
			<mvc:exclude-mapping path="/register.do"/>
			<mvc:exclude-mapping path="/login.do"/>
			
			<mvc:exclude-mapping path="/idcheck.do"/>
			<mvc:exclude-mapping path="/agree.do"/>

			<mvc:exclude-mapping path="/detail.do"/>
			<mvc:exclude-mapping path="/searchlist.do"/>
			<mvc:exclude-mapping path="/getReviewList.do"/>


			<mvc:exclude-mapping path="/find.do"/>
			<mvc:exclude-mapping path="/findid.do"/>
			<mvc:exclude-mapping path="/findpw.do"/>
			<mvc:exclude-mapping path="/changepassword.do"/>
			<mvc:exclude-mapping path="/phonecheck.do"/>
			
			<mvc:exclude-mapping path="/chgsuccess.do"/>		
			<mvc:exclude-mapping path="/regsuccess.do"/>		
			<mvc:exclude-mapping path="/report.do"/>			<!-- 신고하기 (임시) -->

			<mvc:exclude-mapping path="/searchList.do"/>		
			
			
			<mvc:exclude-mapping path="/recentlist.do"/>
			<mvc:exclude-mapping path="/avglikelist.do"/>
			<mvc:exclude-mapping path="/hitslist.do"/>
			<mvc:exclude-mapping path="/displaylist.do"/>
			<mvc:exclude-mapping path="/privacy.do"/>
			<mvc:exclude-mapping path="/stipulation.do"/>
			<mvc:exclude-mapping path="/categoryList.do"/>
			



			<mvc:exclude-mapping path="/main.do"/>
					

			<mvc:exclude-mapping path="/messagelist.do"/>
			
			<bean class="com.withmong.web.interceptor.LoginCheckInterceptor"></bean>
		</mvc:interceptor>
	</mvc:interceptors>
	<!-- spring mvc -->
	<mvc:annotation-driven> 
		<mvc:argument-resolvers>
			<bean class="com.withmong.web.argumentResolver.LoginUserHandlerMethodArgumentResolver"></bean>
		</mvc:argument-resolvers>
	</mvc:annotation-driven>
</beans>
